N;min(speedup_solve);gmean(speedup_solve);max(speedup_solve)
1;84.07099424417383;165.7123693595019;230.46341209891548
2;69.75177132089746;215.4444562999711;270.7253082055595
