N;min(speedup_solve);gmean(speedup_solve);max(speedup_solve)
1;61.60277004882216;140.05882830008966;189.73149423937505
2;61.85848532875746;174.6248196317992;239.58929425207077
